ARRAY SIZE,TIME TAKEN
1000,0.000124
3000,0.000017
5000,0.000013
7000,0.000016
10000,0.000024
